Features,Importance
age,0.09497056325924141
sex,0.03824049689874683
chest pain type,0.13475892155097216
resting bp s,0.07851246629397393
cholesterol,0.11143355563599551
fasting blood sugar,0.019109934914581017
resting ecg,0.027517332021396227
max heart rate,0.1161153988001397
exercise angina,0.06828757125811626
oldpeak,0.11651515047419297
ST slope,0.19453860889264407
